Inspection ID;Inspection Group;Inspection Name;Inspection Language;Inspection Type;Absolute Time spent on Inspection, s;Percent of Time spent on Inspection;Problems Count;Times Inspection was Performed
InjectedReferences;General;Injected references;;LOCAL;0.82;18.38%;0;76
DataFlowIssue;Java/Probable bugs;Nullability and data flow problems;JAVA;LOCAL;0.48;10.72%;0;6
ObviousNullCheck;Java/Verbose or redundant code constructs;Null-check method is called with obviously non-null argument;JAVA;LOCAL;0.32;7.10%;0;6
deprecation;Java/Code maturity;Deprecated API usage;UAST;LOCAL;0.27;6.03%;0;6
ConstantValue;Java/Probable bugs;Constant values;JAVA;LOCAL;0.17;3.80%;0;6
MagicConstant;Java/Probable bugs;Magic constant;JAVA;LOCAL;0.16;3.56%;0;6
WriteOnlyObject;Java/Probable bugs;Write-only object;JAVA;LOCAL;0.15;3.44%;0;6
UnusedAssignment;Java/Probable bugs;Unused assignment;JAVA;LOCAL;0.15;3.41%;0;6
UnsupportedChronoFieldUnitCall;Java/Probable bugs;Call methods with unsupported 'java.time.temporal.ChronoUnit' and 'java.time.temporal.ChronoField';JAVA;LOCAL;0.15;3.28%;0;6
MismatchedQueryAndUpdateOfStringBuilder;Java/Probable bugs;Mismatched query and update of 'StringBuilder';JAVA;LOCAL;0.14;3.16%;0;6
DuplicateExpressions;Java/Verbose or redundant code constructs;Multiple occurrences of the same expression;JAVA;LOCAL;0.13;2.88%;0;6
DialogTitleCapitalization;Java/Internationalization;Incorrect string capitalization;UAST;LOCAL;0.10;2.33%;0;6
DeprecatedMavenDependency;Kotlin;Deprecated library is used in Maven;XML;LOCAL;0.10;2.31%;0;34
KotlinTestJUnit;Kotlin;kotlin-test-junit could be used;XML;LOCAL;0.10;2.24%;0;34
resource;Java/Resource management;AutoCloseable used without 'try'-with-resources;JAVA;LOCAL;0.08;1.77%;0;6
UnnecessaryLocalVariable;Java/Data flow;Redundant local variable;JAVA;LOCAL;0.07;1.58%;0;6
MismatchedQueryAndUpdateOfCollection;Java/Probable bugs;Mismatched query and update of collection;JAVA;LOCAL;0.07;1.47%;0;6
UNUSED_IMPORT;Java/Imports;Unused import;JAVA;GLOBAL_SIMPLE;0.06;1.37%;0;76
NullableProblems;Java/Probable bugs/Nullability problems;@NotNull/@Nullable problems;JAVA;LOCAL;0.06;1.36%;0;6
RedundantOperationOnEmptyContainer;Java/Probable bugs;Redundant operation on empty container;JAVA;LOCAL;0.06;1.35%;0;6
RedundantCast;Java/Verbose or redundant code constructs;Redundant type cast;JAVA;LOCAL;0.06;1.28%;0;6
Contract;Java/Probable bugs;Contract issues;JAVA;LOCAL;0.06;1.27%;0;6
unchecked;Java/Compiler issues;Unchecked warning;JAVA;LOCAL;0.06;1.25%;0;6
ConditionCoveredByFurtherCondition;Java/Verbose or redundant code constructs;Condition is covered by further condition;JAVA;LOCAL;0.05;1.16%;0;6
removal;Java/Code maturity;Usage of API marked for removal;UAST;LOCAL;0.04;0.89%;0;6
preview;Java/Compiler issues;Preview Feature warning;JAVA;LOCAL;0.04;0.88%;0;6
ImplicitArrayToString;Java/Probable bugs;Call to 'toString()' on array;JAVA;LOCAL;0.03;0.70%;0;6
tainting;JVM languages;Non-safe string is passed to safe method;UAST;LOCAL;0.03;0.61%;0;6
ClassEscapesDefinedScope;Java/Visibility;Class is exposed outside of its visibility scope;JAVA;LOCAL;0.02;0.51%;0;6
SuspiciousNameCombination;Java/Probable bugs;Suspicious variable/parameter name combination;JAVA;LOCAL;0.02;0.49%;0;6
ResultOfMethodCallIgnored;Java/Probable bugs;Result of method call ignored;JAVA;LOCAL;0.02;0.47%;0;6
SuspiciousReturnByteInputStream;Java/Probable bugs;Suspicious byte value returned from 'InputStream.read()';JAVA;LOCAL;0.02;0.45%;0;6
DataProviderReturnType;Java/TestNG;Invalid data provider return type;JAVA;LOCAL;0.02;0.36%;0;6
CustomRegExpInspection;RegExp;Custom RegExp inspection;;LOCAL;0.01;0.32%;0;76
DuplicatedCode;General;Duplicated code fragment;;LOCAL;0.01;0.31%;0;76
UnresolvedPropertyKey;Java/Properties files;Invalid property key;JAVA;LOCAL;0.01;0.30%;0;6
SuspiciousMethodCalls;Java/Probable bugs;Suspicious collection method call;JAVA;LOCAL;0.01;0.30%;0;6
StringConcatenationInLoop;Java/Performance;String concatenation in loop;JAVA;LOCAL;0.01;0.27%;0;6
LoggingPlaceholderCountMatchesArgumentCount;JVM languages/Logging;Number of placeholders does not match number of arguments in logging call;UAST;LOCAL;0.01;0.25%;0;6
DoubleNegation;Java/Control flow issues;Double negation;JAVA;LOCAL;0.01;0.25%;0;6
ReturnInsideFinallyBlock;Java/Error handling;'return' inside 'finally' block;UAST;LOCAL;0.01;0.23%;0;6
KotlinMavenPluginPhase;Kotlin;Kotlin Maven Plugin misconfigured;XML;LOCAL;0.01;0.22%;0;34
TestFailedLine;JVM languages/Test frameworks;Failed line in test;UAST;LOCAL;0.01;0.20%;0;6
NewClassNamingConvention;Java/Naming conventions/Class;Class naming convention;JAVA;LOCAL;0.01;0.19%;0;6
JavacQuirks;Java/Compiler issues;Javac quirks;JAVA;LOCAL;0.01;0.17%;0;6
MissingSerialAnnotation;Java/Serialization issues;'@Serial' annotation can be used;JAVA;LOCAL;0.01;0.16%;0;6
RedundantCompareCall;Java/Verbose or redundant code constructs;Redundant 'compare()' method call;JAVA;LOCAL;0.01;0.15%;0;6
FieldCanBeLocal;Java/Class structure;Field can be local variable;JAVA;LOCAL;0.01;0.15%;0;6
SimplifiableBooleanExpression;Java/Control flow issues;Simplifiable boolean expression;JAVA;LOCAL;0.01;0.14%;0;6
UseBulkOperation;Java/Performance;Bulk operation can be used instead of iteration;JAVA;LOCAL;0.01;0.14%;0;6
NewStringBufferWithCharArgument;Java/Probable bugs;StringBuilder constructor call with 'char' argument;JAVA;LOCAL;0.01;0.14%;0;6
RedundantArrayCreation;Java/Verbose or redundant code constructs;Redundant array creation;JAVA;LOCAL;0.01;0.14%;0;6
DuplicatedDataProviderNames;Java/TestNG;Duplicated data provider names;JAVA;LOCAL;0.01;0.14%;0;6
serial;Java/Serialization issues;'@Serial' annotation used on wrong member;JAVA;LOCAL;0.01;0.14%;0;6
NumericOverflow;Java/Numeric issues;Numeric overflow;JAVA;LOCAL;0.01;0.12%;0;6
StringOperationCanBeSimplified;Java/Verbose or redundant code constructs;Redundant 'String' operation;JAVA;LOCAL;0.01;0.12%;0;6
CatchMayIgnoreException;Java/Error handling;Catch block may ignore exception;JAVA;LOCAL;0.00;0.11%;0;6
DifferentKotlinMavenVersion;Kotlin;Maven and IDE plugins versions are different;XML;LOCAL;0.00;0.11%;0;34
UnnecessaryStringEscape;Java/Verbose or redundant code constructs;Unnecessarily escaped character;JAVA;LOCAL;0.00;0.10%;0;6
InstantiatingAThreadWithDefaultRunMethod;Java/Threading issues;Instantiating a 'Thread' with default 'run()' method;JAVA;LOCAL;0.00;0.09%;0;6
dependsOnMethodTestNG;Java/TestNG;Illegal method name passed to 'dependsOnMethods';JAVA;LOCAL;0.00;0.09%;0;6
DifferentMavenStdlibVersion;Kotlin;Library and maven plugin versions are different;XML;LOCAL;0.00;0.08%;0;34
FieldMayBeFinal;Java/Code style issues;Field may be 'final';JAVA;LOCAL;0.00;0.08%;0;6
UrlHashCode;JVM languages;Call to 'equals()' or 'hashCode()' on 'URL' object;UAST;LOCAL;0.00;0.08%;0;6
DefaultAnnotationParam;Java/Declaration redundancy;Default annotation parameter value;JAVA;LOCAL;0.00;0.08%;0;6
WrongPackageStatement;Java/Probable bugs;Wrong package statement;JAVA;LOCAL;0.00;0.08%;0;6
PointlessBooleanExpression;Java/Control flow issues;Pointless boolean expression;JAVA;LOCAL;0.00;0.08%;0;6
ParameterCanBeLocal;Java/Class structure;Value passed as parameter never read;JAVA;LOCAL;0.00;0.07%;0;6
BoxingBoxedValue;Java/Performance;Boxing of already boxed value;JAVA;LOCAL;0.00;0.07%;0;6
LongLiteralEndingWithLowercaseL;Java/Numeric issues;'long' literal ending with 'l' instead of 'L';JAVA;LOCAL;0.00;0.06%;0;6
AtomicFieldUpdaterNotStaticFinal;Java/Threading issues;'AtomicFieldUpdater' field not declared 'static final';JAVA;LOCAL;0.00;0.06%;0;6
WrapperTypeMayBePrimitive;Java/Performance;Wrapper type may be primitive;JAVA;LOCAL;0.00;0.06%;0;6
RedundantFileCreation;Java/Verbose or redundant code constructs;Redundant 'File' instance creation;JAVA;LOCAL;0.00;0.06%;0;6
SlowListContainsAll;Java/Performance;Call to 'list.containsAll(collection)' may have poor performance;JAVA;LOCAL;0.00;0.06%;0;6
StringConcatenationInsideStringBufferAppend;Java/Performance;String concatenation as argument to 'StringBuilder.append()' call;JAVA;LOCAL;0.00;0.06%;0;6
OptionalAssignedToNull;Java/Code maturity;Null value for Optional type;JAVA;LOCAL;0.00;0.05%;0;6
UnsatisfiedRange;Java/Probable bugs;Return value is outside of declared range;JAVA;LOCAL;0.00;0.05%;0;6
LoggingStringTemplateAsArgument;JVM languages/Logging;String template as argument to logging call;UAST;LOCAL;0.00;0.05%;0;6
WaitWhileHoldingTwoLocks;Java/Threading issues;'wait()' while holding two locks;JAVA;LOCAL;0.00;0.05%;0;6
groupsTestNG;Java/TestNG;Undefined group name;JAVA;LOCAL;0.00;0.05%;0;6
MalformedFormatString;Java/Probable bugs;Malformed format string;JAVA;LOCAL;0.00;0.05%;0;6
ConfusingArgumentToVarargsMethod;Java/Probable bugs;Confusing argument to varargs method;JAVA;LOCAL;0.00;0.04%;0;6
SerializableRecordContainsIgnoredMembers;Java/Serialization issues;'record' contains ignored members;JAVA;LOCAL;0.00;0.04%;0;6
AssignmentToCatchBlockParameter;Java/Assignment issues;Assignment to 'catch' block parameter;JAVA;LOCAL;0.00;0.04%;0;6
SafeVarargsOnNonReifiableType;Java/Declaration redundancy;@SafeVarargs is not applicable to reifiable types;JAVA;LOCAL;0.00;0.04%;0;6
AssignmentUsedAsCondition;Java/Assignment issues;Assignment used as condition;JAVA;LOCAL;0.00;0.04%;0;6
RedundantIfStatement;Java/Control flow issues;Redundant 'if' statement;JAVA;LOCAL;0.00;0.04%;0;6
UnnecessaryUnicodeEscape;Java/Internationalization;Unnecessary Unicode escape sequence;JAVA;LOCAL;0.00;0.04%;0;6
ImplicitSubclassInspection;Java/Inheritance issues;Final declaration can't be overridden at runtime;UAST;LOCAL;0.00;0.04%;0;6
AssertBetweenInconvertibleTypes;JVM languages/Test frameworks;'assertEquals()' between objects of inconvertible types;UAST;LOCAL;0.00;0.03%;0;6
NotNullFieldNotInitialized;Java/Probable bugs/Nullability problems;@NotNull field is not initialized;JAVA;LOCAL;0.00;0.03%;0;6
ExpressionComparedToItself;Java/Probable bugs;Expression is compared to itself;JAVA;LOCAL;0.00;0.03%;0;6
UnsupportedCharacter;Java/Properties files;Unsupported character;UAST;LOCAL;0.00;0.03%;0;6
SizeReplaceableByIsEmpty;Java/Code style issues;'size() == 0' can be replaced with 'isEmpty()';JAVA;LOCAL;0.00;0.03%;0;6
NonAtomicOperationOnVolatileField;Java/Threading issues;Non-atomic operation on 'volatile' field;JAVA;LOCAL;0.00;0.03%;0;6
UnnecessaryModifier;Java/Code style issues;Unnecessary modifier;JAVA;LOCAL;0.00;0.03%;0;6
SuspiciousDateFormat;Java/Probable bugs;Suspicious date format pattern;JAVA;LOCAL;0.00;0.03%;0;6
EscapedSpace;Java/Code style issues;Non-terminal use of '\s' escape sequence;JAVA;LOCAL;0.00;0.03%;0;6
UnreachableCatch;Java/Verbose or redundant code constructs;Unreachable catch section;JAVA;LOCAL;0.00;0.03%;0;6
RedundantClassCall;Java/Verbose or redundant code constructs;Redundant 'isInstance()' or 'cast()' call;JAVA;LOCAL;0.00;0.03%;0;6
JavaLangInvokeHandleSignature;Java/Reflective access;MethodHandle/VarHandle type mismatch;JAVA;LOCAL;0.00;0.03%;0;6
IfStatementWithIdenticalBranches;Java/Control flow issues;'if' statement with identical branches or common parts;JAVA;LOCAL;0.00;0.03%;0;6
Java9UndeclaredServiceUsage;Java/Visibility;Usage of service not declared in 'module-info';JAVA;LOCAL;0.00;0.03%;0;6
CStyleArrayDeclaration;Java/Code style issues;C-style array declaration;JAVA;LOCAL;0.00;0.03%;0;6
CallToPrintStackTrace;Java/Code maturity;Call to 'printStackTrace()';JAVA;LOCAL;0.00;0.03%;0;6
SimplifyStreamApiCallChains;Java/Verbose or redundant code constructs;Stream API call chain can be simplified;JAVA;LOCAL;0.00;0.03%;0;6
DuplicateCondition;Java/Control flow issues;Duplicate condition;JAVA;LOCAL;0.00;0.02%;0;6
InconsistentTextBlockIndent;Java/Probable bugs;Inconsistent whitespace indentation in text block;JAVA;LOCAL;0.00;0.02%;0;6
ThrowablePrintedToSystemOut;Java/Code maturity;'Throwable' printed to 'System.out';JAVA;LOCAL;0.00;0.02%;0;6
OptionalIsPresent;Java/Code style issues;Non functional style 'Optional.isPresent()' usage;JAVA;LOCAL;0.00;0.02%;0;6
CloneDoesntDeclareCloneNotSupportedException;Java/Cloning issues;'clone()' does not declare 'CloneNotSupportedException';JAVA;LOCAL;0.00;0.02%;0;6
SafeVarargsHasNoEffect;Java/Probable bugs;@SafeVarargs do not suppress potentially unsafe operations;JAVA;LOCAL;0.00;0.02%;0;6
JavaReflectionInvocation;Java/Reflective access;Reflective invocation arguments mismatch;JAVA;LOCAL;0.00;0.02%;0;6
ExternalizableWithoutPublicNoArgConstructor;Java/Serialization issues;'Externalizable' class without 'public' no-arg constructor;JAVA;LOCAL;0.00;0.02%;0;6
RedundantRecordConstructor;Java/Declaration redundancy;Redundant record constructor;JAVA;LOCAL;0.00;0.02%;0;6
OptionalGetWithoutIsPresent;Java/Probable bugs;Optional.get() is called without isPresent() check;JAVA;LOCAL;0.00;0.02%;0;6
ClassExplicitlyExtendsObject;Java/Code style issues;Class explicitly extends 'Object';JAVA;LOCAL;0.00;0.02%;0;6
EqualsWithItself;Java/Probable bugs;'equals()' called on itself;JAVA;LOCAL;0.00;0.02%;0;6
InfiniteRecursion;Java/Probable bugs;Infinite recursion;JAVA;LOCAL;0.00;0.02%;0;6
ThrowableNotThrown;Java/Probable bugs;'Throwable' not thrown;JAVA;LOCAL;0.00;0.02%;0;6
DoubleCheckedLocking;Java/Threading issues;Double-checked locking;JAVA;LOCAL;0.00;0.02%;0;6
EqualsBetweenInconvertibleTypes;Java/Probable bugs;'equals()' between objects of inconvertible types;JAVA;LOCAL;0.00;0.02%;0;6
PointlessBitwiseExpression;Java/Bitwise operation issues;Pointless bitwise expression;JAVA;LOCAL;0.00;0.02%;0;6
TypeParameterExplicitlyExtendsObject;Java/Code style issues;Type parameter explicitly extends 'Object';JAVA;LOCAL;0.00;0.02%;0;6
EmptySynchronizedStatement;Java/Threading issues;Empty 'synchronized' statement;JAVA;LOCAL;0.00;0.02%;0;6
RedundantScheduledForRemovalAnnotation;Java/Code maturity;Redundant @ScheduledForRemoval annotation;JAVA;LOCAL;0.00;0.02%;0;6
RedundantLengthCheck;Java/Verbose or redundant code constructs;Redundant array length check;JAVA;LOCAL;0.00;0.02%;0;6
MismatchedJavadocCode;Java/Javadoc;Mismatch between Javadoc and code;JAVA;LOCAL;0.00;0.02%;0;6
SuspiciousInvocationHandlerImplementation;Java/Probable bugs;Suspicious 'InvocationHandler' implementation;JAVA;LOCAL;0.00;0.02%;0;6
MismatchedReadAndWriteOfArray;Java/Probable bugs;Mismatched read and write of array;JAVA;LOCAL;0.00;0.02%;0;6
IntegerMultiplicationImplicitCastToLong;Java/Numeric issues/Cast;Integer multiplication or shift implicitly cast to 'long';JAVA;LOCAL;0.00;0.02%;0;6
SillyAssignment;Java/Declaration redundancy;Variable is assigned to itself;JAVA;LOCAL;0.00;0.02%;0;6
RedundantStreamOptionalCall;Java/Verbose or redundant code constructs;Redundant step in 'Stream' or 'Optional' call chain;JAVA;LOCAL;0.00;0.02%;0;6
KotlinSealedInheritorsInJava;Kotlin/Java interop issues;Inheritance of Kotlin sealed interface/class from Java;JAVA;LOCAL;0.00;0.02%;0;6
ExcessiveRangeCheck;Java/Verbose or redundant code constructs;Excessive range check;JAVA;LOCAL;0.00;0.02%;0;6
NonSerializableClassWithSerialVersionUID;Java/Serialization issues;Non-serializable class with 'serialVersionUID';JAVA;LOCAL;0.00;0.01%;0;6
MappingBeforeCount;Java/Verbose or redundant code constructs;Mapping call before count();JAVA;LOCAL;0.00;0.01%;0;6
ConstantForZeroLengthArrayAllocation;Java/Memory;Unnecessary zero length array usage;JAVA;LOCAL;0.00;0.01%;0;6
SimplifyOptionalCallChains;Java/Verbose or redundant code constructs;Optional call chain can be simplified;JAVA;LOCAL;0.00;0.01%;0;6
RedundantMethodOverride;Java/Inheritance issues;Method is identical to its super method;JAVA;LOCAL;0.00;0.01%;0;6
RedundantExplicitClose;Java/Declaration redundancy;Redundant 'close()';JAVA;LOCAL;0.00;0.01%;0;6
UnnecessarySemicolon;Java/Code style issues;Unnecessary semicolon;JAVA;LOCAL;0.00;0.01%;0;6
AssertWithSideEffects;Java/Probable bugs;'assert' statement with side effects;JAVA;LOCAL;0.00;0.01%;0;6
CollectionAddedToSelf;Java/Probable bugs;Collection added to itself;JAVA;LOCAL;0.00;0.01%;0;6
DeprecatedIsStillUsed;Java/Code maturity;Deprecated member is still used;JAVA;LOCAL;0.00;0.01%;0;6
ForwardCompatibility;Java/Java language level issues;Forward compatibility;JAVA;LOCAL;0.00;0.01%;0;6
CloneableClassWithoutClone;Java/Cloning issues;Cloneable class without 'clone()' method;JAVA;LOCAL;0.00;0.01%;0;6
ThrowFromFinallyBlock;Java/Error handling;'throw' inside 'finally' block;JAVA;LOCAL;0.00;0.01%;0;6
ConfusingMainMethod;Java/Probable bugs;Confusing 'main()' method;JAVA;LOCAL;0.00;0.01%;0;6
UnnecessaryTemporaryOnConversionFromString;Java/Performance;Unnecessary temporary object in conversion from 'String';JAVA;LOCAL;0.00;0.01%;0;6
IncompatibleBitwiseMaskOperation;Java/Bitwise operation issues;Incompatible bitwise mask operation;JAVA;LOCAL;0.00;0.01%;0;6
SimplifiableAssertion;Java/Test frameworks;Simplifiable assertion;JAVA;LOCAL;0.00;0.01%;0;6
StatementWithEmptyBody;Java/Probable bugs;Statement with empty body;JAVA;LOCAL;0.00;0.01%;0;6
ComparatorMethodParameterNotUsed;Java/Probable bugs;Suspicious 'Comparator.compare()' implementation;JAVA;LOCAL;0.00;0.01%;0;6
ThreadLocalSetWithNull;Java/Threading issues;'ThreadLocal.set()' with null as an argument;JAVA;LOCAL;0.00;0.01%;0;6
IncorrectMessageFormat;Java/Probable bugs;Incorrect 'MessageFormat' pattern;JAVA;LOCAL;0.00;0.01%;0;6
QodanaJavaSanity;General;Java sanity;JAVA;LOCAL;0.00;0.01%;0;6
StringEqualsEmptyString;Java/Performance;'String.equals()' can be replaced with 'String.isEmpty()';JAVA;LOCAL;0.00;0.01%;0;6
RedundantJavaTimeOperations;Java/Verbose or redundant code constructs;Redundant operation on 'java.time' object;JAVA;LOCAL;0.00;0.01%;0;6
CopyConstructorMissesField;Java/Probable bugs;Copy constructor misses field;JAVA;LOCAL;0.00;0.01%;0;6
SystemGetProperty;JVM languages;Call to 'System.getProperty(str)' could be simplified;UAST;LOCAL;0.00;0.01%;0;6
StaticInitializerReferencesSubClass;Java/Threading issues;Static initializer references subclass;JAVA;LOCAL;0.00;0.01%;0;6
ExtractMethodRecommender;Java/Code maturity;Method can be extracted;JAVA;LOCAL;0.00;0.01%;0;6
InstantiatingObjectToGetClassObject;Java/Performance;Instantiating object to get 'Class' object;JAVA;LOCAL;0.00;0.01%;0;6
CallToThreadRun;JVM languages;Call to 'Thread.run()';UAST;LOCAL;0.00;0.01%;0;6
IntegerDivisionInFloatingPointContext;Java/Numeric issues;Integer division in floating-point context;JAVA;LOCAL;0.00;0.01%;0;6
finally;Java/Error handling;'finally' block which can not complete normally;JAVA;LOCAL;0.00;0.01%;0;6
IdempotentLoopBody;Java/Control flow issues;Idempotent loop body;JAVA;LOCAL;0.00;0.01%;0;6
IOStreamConstructor;Java/Performance;'InputStream' and 'OutputStream' can be constructed using 'Files' methods;JAVA;LOCAL;0.00;0.01%;0;6
SerialVersionUIDWithWrongSignature;Java/Serialization issues;'serialVersionUID' field not declared 'private static final long';JAVA;LOCAL;0.00;0.01%;0;6
StringEqualsCharSequence;Java/Probable bugs;'String.equals()' called with 'CharSequence' argument;JAVA;LOCAL;0.00;0.01%;0;6
CharsetObjectCanBeUsed;Java/Code style issues;Standard 'Charset' object can be used;JAVA;LOCAL;0.00;0.01%;0;6
EnumValuesSoftDeprecateInJava;Kotlin/Other problems;'Enum.values()' is recommended to be replaced by 'Enum.getEntries()' since Kotlin 1.9;JAVA;LOCAL;0.00;0.01%;0;6
PrimitiveArrayArgumentToVarargsMethod;Java/Probable bugs;Confusing primitive array argument to varargs method;JAVA;LOCAL;0.00;0.01%;0;6
DuplicateBranchesInSwitch;Java/Verbose or redundant code constructs;Duplicate branches in 'switch';JAVA;LOCAL;0.00;0.01%;0;6
MethodDoesntCallSuperMethod;Java/Inheritance issues;Method does not call super method;JAVA;LOCAL;0.00;0.01%;0;6
UnnecessaryReturnStatement;Java/Verbose or redundant code constructs;Unnecessary 'return' statement;JAVA;LOCAL;0.00;0.01%;0;6
RedundantStringFormatCall;Java/Performance;Redundant call to 'String.format()';JAVA;LOCAL;0.00;0.01%;0;6
ConditionalExpressionWithIdenticalBranches;Java/Control flow issues;Conditional expression with identical branches;JAVA;LOCAL;0.00;0.01%;0;6
RedundantCollectionOperation;Java/Verbose or redundant code constructs;Redundant 'Collection' operation;JAVA;LOCAL;0.00;0.01%;0;6
OnlyOneElementUsed;Java/Verbose or redundant code constructs;Only one element is used;JAVA;LOCAL;0.00;0.01%;0;6
SuspiciousIndentAfterControlStatement;Java/Probable bugs;Suspicious indentation after control statement without braces;JAVA;LOCAL;0.00;0.01%;0;6
SortedCollectionWithNonComparableKeys;Java/Probable bugs;Sorted collection with non-comparable elements;JAVA;LOCAL;0.00;0.00%;0;6
EqualsDoesntCheckParameterClass;Java/Probable bugs;'equals()' method that does not check the class of its parameter;JAVA;LOCAL;0.00;0.00%;0;6
AccessStaticViaInstance;Java/Declaration redundancy;Access static member via instance reference;JAVA;LOCAL;0.00;0.00%;0;6
Dependency;JVM languages;Illegal package dependencies;UAST;LOCAL;0.00;0.00%;0;6
StringTokenizerDelimiter;Java/Probable bugs;Duplicated delimiters in 'StringTokenizer';JAVA;LOCAL;0.00;0.00%;0;6
MisorderedAssertEqualsArguments;Java/Test frameworks;Misordered 'assertEquals()' arguments;JAVA;LOCAL;0.00;0.00%;0;6
OptionalUsedAsFieldOrParameterType;Java/Abstraction issues;'Optional' used as field or parameter type;JAVA;LOCAL;0.00;0.00%;0;6
NewObjectEquality;Java/Probable bugs;New object is compared using '==';JAVA;LOCAL;0.00;0.00%;0;6
InstantiationOfUtilityClass;Java/Probable bugs;Instantiation of utility class;JAVA;LOCAL;0.00;0.00%;0;6
TrivialFunctionalExpressionUsage;Java/Declaration redundancy;Trivial usage of functional expression;JAVA;LOCAL;0.00;0.00%;0;6
NegativeIntConstantInLongContext;Java/Numeric issues;Negative int hexadecimal constant in long context;JAVA;LOCAL;0.00;0.00%;0;6
ConcatenationWithEmptyString;Java/Verbose or redundant code constructs;Concatenation with empty string;JAVA;LOCAL;0.00;0.00%;0;6
EmptyFinallyBlock;Java/Error handling;Empty 'finally' block;JAVA;LOCAL;0.00;0.00%;0;6
FinalStaticMethod;Java/Class structure;'static' method declared 'final';JAVA;LOCAL;0.00;0.00%;0;6
RedundantTypeArguments;Java/Verbose or redundant code constructs;Redundant type arguments;JAVA;LOCAL;0.00;0.00%;0;6
SuspiciousTernaryOperatorInVarargsCall;Java/Probable bugs;Suspicious ternary operator in varargs method call;JAVA;LOCAL;0.00;0.00%;0;6
EmptyTryBlock;Java/Error handling;Empty 'try' block;JAVA;LOCAL;0.00;0.00%;0;6
SuspiciousSystemArraycopy;Java/Probable bugs;Suspicious 'System.arraycopy()' call;JAVA;LOCAL;0.00;0.00%;0;6
ManualMinMaxCalculation;Java/Verbose or redundant code constructs;Manual min/max calculation;JAVA;LOCAL;0.00;0.00%;0;6
ThrowableSupplierOnlyThrowException;Java/Error handling;Throwable supplier never returns a value;JAVA;LOCAL;0.00;0.00%;0;6
UnnecessaryToStringCall;Java/Code style issues;Unnecessary call to 'toString()';JAVA;LOCAL;0.00;0.00%;0;6
ArrayObjectsEquals;Java/Probable bugs;Use of shallow or 'Objects' methods with arrays;JAVA;LOCAL;0.00;0.00%;0;6
CastCanBeRemovedNarrowingVariableType;Java/Verbose or redundant code constructs;Too weak variable type leads to unnecessary cast;JAVA;LOCAL;0.00;0.00%;0;6
ToArrayCallWithZeroLengthArrayArgument;Java/Performance;'Collection.toArray()' call style;JAVA;LOCAL;0.00;0.00%;0;6
LoggerInitializedWithForeignClass;Java/Logging;Logger initialized with foreign class;JAVA;LOCAL;0.00;0.00%;0;6
LoopConditionNotUpdatedInsideLoop;Java/Control flow issues;Loop variable not updated inside loop;JAVA;LOCAL;0.00;0.00%;0;6
CommentedOutCode;Java/Code maturity;Commented out code;JAVA;LOCAL;0.00;0.00%;0;6
ForLoopReplaceableByWhile;Java/Control flow issues;'for' loop may be replaced by 'while' loop;JAVA;LOCAL;0.00;0.00%;0;6
LocalVariableUsedAndDeclaredInDifferentSwitchBranches;Java/Control flow issues;Local variable used and declared in different 'switch' branches;JAVA;LOCAL;0.00;0.00%;0;6
UnnecessaryDefault;Java/Verbose or redundant code constructs;Unnecessary 'default' for enum 'switch' statement;JAVA;LOCAL;0.00;0.00%;0;6
NumberEquality;Java/Probable bugs;Number comparison using '==', instead of 'equals()';JAVA;LOCAL;0.00;0.00%;0;6
SynchronizationOnGetClass;Java/Threading issues;Synchronization on 'getClass()';JAVA;LOCAL;0.00;0.00%;0;6
ExcessiveLambdaUsage;Java/Verbose or redundant code constructs;Excessive lambda usage;JAVA;LOCAL;0.00;0.00%;0;6
MathRandomCastToInt;Java/Probable bugs;'Math.random()' cast to 'int';JAVA;LOCAL;0.00;0.00%;0;6
ScheduledThreadPoolExecutorWithZeroCoreThreads;Java/Probable bugs;'ScheduledThreadPoolExecutor' with zero core threads;JAVA;LOCAL;0.00;0.00%;0;6
TextLabelInSwitchStatement;Java/Probable bugs;Text label in 'switch' statement;JAVA;LOCAL;0.00;0.00%;0;6
DuplicateThrows;Java/Declaration redundancy;Duplicate throws;JAVA;LOCAL;0.00;0.00%;0;6
JavaEmptyModuleInfoFile;Java/Visibility;Empty 'module-info.java' file;JAVA;LOCAL;0.00;0.00%;0;6
UnnecessaryUnaryMinus;Java/Numeric issues;Unnecessary unary minus;JAVA;LOCAL;0.00;0.00%;0;6
MismatchedStringCase;Java/Probable bugs;Mismatched case in 'String' operation;JAVA;LOCAL;0.00;0.00%;0;6
ClassExplicitlyAnnotation;Java/Inheritance issues;Class extends annotation interface;JAVA;LOCAL;0.00;0.00%;0;6
ReplaceInefficientStreamCount;Java/Performance;Inefficient Stream API call chains ending with count();JAVA;LOCAL;0.00;0.00%;0;6
ManualArrayToCollectionCopy;Java/Performance;Manual array to collection copy;JAVA;LOCAL;0.00;0.00%;0;6
TypeParameterHidesVisibleType;Java/Visibility;Type parameter hides visible type;JAVA;LOCAL;0.00;0.00%;0;6
UnnecessaryCallToStringValueOf;Java/Code style issues;Unnecessary conversion to 'String';JAVA;LOCAL;0.00;0.00%;0;6
JavaReflectionMemberAccess;Java/Reflective access;Reflective access to non-existent or not visible class member;JAVA;LOCAL;0.00;0.00%;0;6
MaskedAssertion;Java/Test frameworks;Assertion is suppressed by 'catch';JAVA;LOCAL;0.00;0.00%;0;6
ReflectionForUnavailableAnnotation;Java/Probable bugs;Reflective access to a source-only annotation;JAVA;LOCAL;0.00;0.00%;0;6
ReplaceOnLiteralHasNoEffect;Java/Verbose or redundant code constructs;Replacement operation has no effect;JAVA;LOCAL;0.00;0.00%;0;6
ShiftOutOfRange;Java/Bitwise operation issues;Shift operation by inappropriate constant;JAVA;LOCAL;0.00;0.00%;0;6
ProtectedMemberInFinalClass;Java/Declaration redundancy;'protected' member in 'final' class;JAVA;LOCAL;0.00;0.00%;0;6
IterableUsedAsVararg;Java/Probable bugs;Iterable is used as vararg;JAVA;LOCAL;0.00;0.00%;0;6
DanglingJavadoc;Java/Javadoc;Dangling Javadoc comment;JAVA;LOCAL;0.00;0.00%;0;6
UnusedLabel;Java/Declaration redundancy;Unused label;JAVA;LOCAL;0.00;0.00%;0;6
UnnecessaryInitCause;Java/Error handling;Unnecessary call to 'Throwable.initCause()';JAVA;LOCAL;0.00;0.00%;0;6
ComparisonOfShortAndChar;Java/Numeric issues;Comparison of 'short' and 'char' values;JAVA;LOCAL;0.00;0.00%;0;6
JavadocDeclaration;Java/Javadoc;Javadoc declaration problems;JAVA;LOCAL;0.00;0.00%;0;6
UnnecessaryBreak;Java/Verbose or redundant code constructs;Unnecessary 'break' statement;JAVA;LOCAL;0.00;0.00%;0;6
CaughtExceptionImmediatelyRethrown;Java/Error handling;Caught exception is immediately rethrown;JAVA;LOCAL;0.00;0.00%;0;6
TrailingWhitespacesInTextBlock;Java/Code style issues;Trailing whitespace in text block;JAVA;LOCAL;0.00;0.00%;0;6
UnpredictableBigDecimalConstructorCall;Java/Numeric issues;Unpredictable 'BigDecimal' constructor call;JAVA;LOCAL;0.00;0.00%;0;6
UnnecessaryTemporaryOnConversionToString;Java/Performance;Unnecessary temporary object in conversion to 'String';JAVA;LOCAL;0.00;0.00%;0;6
ArrayHashCode;Java/Probable bugs;'hashCode()' called on array;JAVA;LOCAL;0.00;0.00%;0;6
ArraysAsListWithZeroOrOneArgument;Java/Performance;Call to 'Arrays.asList()' with too few arguments;JAVA;LOCAL;0.00;0.00%;0;6
StringEquality;Java/Probable bugs;String comparison using '==', instead of 'equals()';JAVA;LOCAL;0.00;0.00%;0;6
ConditionalBreakInInfiniteLoop;Java/Control flow issues;Conditional break inside loop;JAVA;LOCAL;0.00;0.00%;0;6
ClassGetClass;Java/Probable bugs;Suspicious 'Class.getClass()' call;JAVA;LOCAL;0.00;0.00%;0;6
UnnecessaryLabelOnBreakStatement;Java/Verbose or redundant code constructs;Unnecessary label on 'break' statement;JAVA;LOCAL;0.00;0.00%;0;6
UnnecessaryLabelOnContinueStatement;Java/Verbose or redundant code constructs;Unnecessary label on 'continue' statement;JAVA;LOCAL;0.00;0.00%;0;6
ManualArrayCopy;Java/Performance;Manual array copy;JAVA;LOCAL;0.00;0.00%;0;6
NonFinalFieldInEnum;Java/Class structure;Non-final field in 'enum';JAVA;LOCAL;0.00;0.00%;0;6
SuspiciousListRemoveInLoop;Java/Probable bugs;Suspicious 'List.remove()' in loop;JAVA;LOCAL;0.00;0.00%;0;6
JavadocLinkAsPlainText;Java/Javadoc;Link specified as plain text;JAVA;LOCAL;0.00;0.00%;0;6
WhileCanBeDoWhile;Java/Control flow issues;'while' can be replaced with 'do while';JAVA;LOCAL;0.00;0.00%;0;6
FinalizeNotProtected;Java/Finalization;'finalize()' should be protected, not public;JAVA;LOCAL;0.00;0.00%;0;6
WhileLoopSpinsOnField;Java/Threading issues;'while' loop spins on field;JAVA;LOCAL;0.00;0.00%;0;6
BooleanConstructorCall;Java/Performance;Boolean constructor call;JAVA;LOCAL;0.00;0.00%;0;6
InfiniteLoopStatement;Java/Control flow issues;Infinite loop statement;JAVA;LOCAL;0.00;0.00%;0;6
ReplaceAllNonRegex;Java/Performance;Non-regex 'replaceAll()' can be replaced with 'replace()';JAVA;LOCAL;0.00;0.00%;0;6
FinalizeCalledExplicitly;Java/Finalization;'finalize()' called explicitly;JAVA;LOCAL;0.00;0.00%;0;6
SlowAbstractSetRemoveAll;Java/Performance;Call to 'set.removeAll(list)' may work slowly;JAVA;LOCAL;0.00;0.00%;0;6
SuspiciousRegexArgument;Java/Probable bugs;Suspicious regex expression argument;JAVA;LOCAL;0.00;0.00%;0;6
RedundantUnmodifiable;Java/Verbose or redundant code constructs;Redundant usage of unmodifiable collection wrappers;JAVA;LOCAL;0.00;0.00%;0;6
LoopStatementThatDoesntLoop;Java/Control flow issues;Loop statement that does not loop;JAVA;LOCAL;0.00;0.00%;0;6
ConstantConditionalExpression;Java/Control flow issues;Constant conditional expression;JAVA;LOCAL;0.00;0.00%;0;6
RedundantLabeledSwitchRuleCodeBlock;Java/Code style issues;Labeled switch rule has redundant code block;JAVA;LOCAL;0.00;0.00%;0;6
OverflowingLoopIndex;Java/Probable bugs;Loop executes zero or billions of times;JAVA;LOCAL;0.00;0.00%;0;6
InnerClassMayBeStatic;Java/Memory;Inner class may be 'static';JAVA;LOCAL;0.00;0.00%;0;6
ComparisonToNaN;Java/Numeric issues;Comparison to 'Double.NaN' or 'Float.NaN';JAVA;LOCAL;0.00;0.00%;0;6
MetaAnnotationWithoutRuntimeRetention;Java/JUnit;Test annotation without '@Retention(RUNTIME)' annotation;JAVA;LOCAL;0.00;0.00%;0;6
PatternVariableHidesField;Java/Visibility;Pattern variable hides field;JAVA;LOCAL;0.00;0.00%;0;6
EmptyClassInitializer;Java/Declaration redundancy;Empty class initializer;JAVA;LOCAL;0.00;0.00%;0;6
CachedNumberConstructorCall;Java/Numeric issues;Number constructor call with primitive argument;JAVA;LOCAL;0.00;0.00%;0;6
UnnecessaryContinue;Java/Verbose or redundant code constructs;Unnecessary 'continue' statement;JAVA;LOCAL;0.00;0.00%;0;6
BigDecimalMethodWithoutRoundingCalled;Java/Numeric issues;Call to 'BigDecimal' method without a rounding mode argument;JAVA;LOCAL;0.00;0.00%;0;6
PointlessArithmeticExpression;Java/Numeric issues;Pointless arithmetic expression;JAVA;LOCAL;0.00;0.00%;0;6
FinalMethodInFinalClass;Java/Declaration redundancy;'final' method in 'final' class;JAVA;LOCAL;0.00;0.00%;0;6
FinalPrivateMethod;Java/Class structure;'private' method declared 'final';JAVA;LOCAL;0.00;0.00%;0;6
ContinueOrBreakFromFinallyBlock;Java/Error handling;'continue' or 'break' inside 'finally' block;JAVA;LOCAL;0.00;0.00%;0;6
ExplicitArrayFilling;Java/Verbose or redundant code constructs;Explicit array filling;JAVA;LOCAL;0.00;0.00%;0;6
lossy-conversions;Java/Numeric issues;Possibly lossy implicit cast in compound assignment;JAVA;LOCAL;0.00;0.00%;0;6
ListRemoveInLoop;Java/Performance;'List.remove()' called in loop;JAVA;LOCAL;0.00;0.00%;0;6
IteratorHasNextCallsIteratorNext;Java/Probable bugs;'Iterator.hasNext()' which calls 'next()';JAVA;LOCAL;0.00;0.00%;0;6
MathRoundingWithIntArgument;Java/Probable bugs;Call math rounding with 'int' argument;JAVA;LOCAL;0.00;0.00%;0;6
StringConcatenationArgumentToLogCall;Java/Logging;Non-constant string concatenation as argument to logging call;JAVA;LOCAL;0.00;0.00%;0;6
JavadocReference;Java/Javadoc;Declaration has problems in Javadoc references;JAVA;LOCAL;0.00;0.00%;0;6
UnaryPlus;Java/Numeric issues;Unary plus;JAVA;LOCAL;0.00;0.00%;0;6
InterfaceMethodClashesWithObject;Java/Abstraction issues;Interface method clashes with method in 'Object';JAVA;LOCAL;0.00;0.00%;0;6
RedundantEscapeInRegexReplacement;Java/Verbose or redundant code constructs;Redundant escape in regex replacement string;JAVA;LOCAL;0.00;0.00%;0;6
ComparatorResultComparison;Java/Probable bugs;Suspicious usage of compare method;JAVA;LOCAL;0.00;0.00%;0;6
ListIndexOfReplaceableByContains;Java/Code style issues;'List.indexOf()' expression can be replaced with 'contains()';JAVA;LOCAL;0.00;0.00%;0;6
NonStrictComparisonCanBeEquality;Java/Verbose or redundant code constructs;Non-strict inequality '>=' or '<=' can be replaced with '==';JAVA;LOCAL;0.00;0.00%;0;6
SuspiciousToArrayCall;Java/Probable bugs;Suspicious 'Collection.toArray()' call;JAVA;LOCAL;0.00;0.00%;0;6
divzero;Java/Numeric issues;Division by zero;JAVA;LOCAL;0.00;0.00%;0;6
SimplifyCollector;Java/Verbose or redundant code constructs;Simplifiable collector;JAVA;LOCAL;0.00;0.00%;0;6
SuspiciousArrayMethodCall;Java/Probable bugs;Suspicious 'Arrays' method call;JAVA;LOCAL;0.00;0.00%;0;6
SynchronizationOnLocalVariableOrMethodParameter;Java/Threading issues;Synchronization on local variable or method parameter;JAVA;LOCAL;0.00;0.00%;0;6
BusyWait;Java/Threading issues;Busy wait;JAVA;LOCAL;0.00;0.00%;0;6
MethodNameSameAsClassName;Java/Naming conventions/Method;Method name same as class name;JAVA;LOCAL;0.00;0.00%;0;6
OverwrittenKey;Java/Probable bugs;Overwritten Map, Set, or array element;JAVA;LOCAL;0.00;0.00%;0;6
SuspiciousIntegerDivAssignment;Java/Probable bugs;Suspicious integer division assignment;JAVA;LOCAL;0.00;0.00%;0;6
OptionalOfNullableMisuse;Java/Probable bugs;Use of Optional.ofNullable with null or non-null argument;JAVA;LOCAL;0.00;0.00%;0;6
StringBufferReplaceableByString;Java/Verbose or redundant code constructs;'StringBuilder' can be replaced with 'String';JAVA;LOCAL;0.00;0.00%;0;6
SimplifiableConditionalExpression;Java/Control flow issues;Simplifiable conditional expression;JAVA;LOCAL;0.00;0.00%;0;6
IfStatementMissingBreakInLoop;Java/Performance;Early loop exit in 'if' condition;JAVA;LOCAL;0.00;0.00%;0;6
FunctionalExpressionCanBeFolded;Java/Declaration redundancy;Functional expression can be folded;JAVA;LOCAL;0.00;0.00%;0;6
EqualsOnSuspiciousObject;Java/Probable bugs;'equals()' called on classes which don't override it;JAVA;LOCAL;0.00;0.00%;0;6
EndlessStream;Java/Probable bugs;Non-short-circuit operation consumes infinite stream;JAVA;LOCAL;0.00;0.00%;0;6
FuseStreamOperations;Java/Code style issues;Subsequent steps can be fused into Stream API chain;JAVA;LOCAL;0.00;0.00%;0;6
PointlessNullCheck;Java/Control flow issues;Unnecessary 'null' check before method call;JAVA;LOCAL;0.00;0.00%;0;6
DefaultNotLastCaseInSwitch;Java/Control flow issues;'default' not last case in 'switch';JAVA;LOCAL;0.00;0.00%;0;6
ArrayEquals;Java/Probable bugs;'equals()' called on array;JAVA;LOCAL;0.00;0.00%;0;6
RedundantComparatorComparing;Java/Verbose or redundant code constructs;Comparator method can be simplified;JAVA;LOCAL;0.00;0.00%;0;6
SwitchStatementWithTooFewBranches;Java/Control flow issues;Minimum 'switch' branches;JAVA;LOCAL;0.00;0.00%;0;6
CollectionAddAllCanBeReplacedWithConstructor;Java/Performance;Redundant 'Collection.addAll()' call;JAVA;LOCAL;0.00;0.00%;0;6
AtomicFieldUpdaterIssues;Java/Threading issues;Inconsistent 'AtomicFieldUpdater' declaration;JAVA;LOCAL;0.00;0.00%;0;6
IncorrectDateTimeFormat;Java/Probable bugs;Incorrect 'DateTimeFormat' pattern;JAVA;LOCAL;0.00;0.00%;0;6
SynchronizeOnNonFinalField;Java/Threading issues;Synchronization on a non-final field;JAVA;LOCAL;0.00;0.00%;0;6
MalformedDataProvider;Java/TestNG;Data provider problems;JAVA;LOCAL;0.00;0.00%;0;6
MeaninglessRecordAnnotationInspection;Java/Probable bugs;Meaningless record annotation;JAVA;LOCAL;0.00;0.00%;0;6
OctalInteger;Java/Numeric issues;Octal integer;JAVA;LOCAL;0.00;0.00%;0;6
synchronization;Java/Compiler issues;Value-based warnings;JAVA;LOCAL;0.00;0.00%;0;6
CapturingCleaner;Java/Probable bugs;Cleaner captures object reference;JAVA;LOCAL;0.00;0.00%;0;6
InvalidComparatorMethodReference;Java/Probable bugs;Invalid method reference used for 'Comparator';JAVA;LOCAL;0.00;0.00%;0;6